{
    "0": {
        "x": 0.6276636123657227,
        "y": 0.1979328840970993
    },
    "1": {
        "x": 0.26281967759132385,
        "y": 0.0521882027387619
    },
    "2": {
        "x": 0.2432885318994522,
        "y": 0.32967689633369446
    },
    "3": {
        "x": 0.6740280389785767,
        "y": 0.3723336458206177
    }
}