{
    "0": {
        "x": 0.684990406036377,
        "y": 0.1178729236125946
    },
    "1": {
        "x": 0.15816637873649597,
        "y": -0.011914938688278198
    },
    "2": {
        "x": 0.061973895877599716,
        "y": 0.34373462200164795
    },
    "3": {
        "x": 0.8236668109893799,
        "y": 0.3346346616744995
    }
}