{
    "0": {
        "x": 0.8492261171340942,
        "y": 0.5784785747528076
    },
    "1": {
        "x": 0.7412511110305786,
        "y": 0.5702730417251587
    },
    "2": {
        "x": 0.7538756132125854,
        "y": 0.730440080165863
    },
    "3": {
        "x": 0.8817207217216492,
        "y": 0.7216695547103882
    }
}